foto,idx,label
107,0,poorly_fermented
107,1,poorly_fermented
107,2,poorly_fermented
107,3,poorly_fermented
107,4,poorly_fermented
107,5,poorly_fermented
107,6,poorly_fermented
107,7,poorly_fermented
107,8,fermented
107,9,poorly_fermented
107,10,poorly_fermented
107,11,poorly_fermented
107,12,poorly_fermented
107,13,poorly_fermented
107,14,fermented
143,0,fermented
143,1,poorly_fermented
143,2,poorly_fermented
143,3,poorly_fermented
143,4,fermented
143,5,poorly_fermented
143,6,poorly_fermented
143,7,poorly_fermented
143,8,poorly_fermented
143,9,poorly_fermented
143,10,poorly_fermented
143,11,poorly_fermented
143,12,poorly_fermented
143,13,poorly_fermented
143,14,poorly_fermented
143,15,fermented
143,16,poorly_fermented
143,17,poorly_fermented
153,0,poorly_fermented
153,1,poorly_fermented
153,2,poorly_fermented
153,3,poorly_fermented
153,4,poorly_fermented
153,5,fermented
153,6,poorly_fermented
153,7,poorly_fermented
153,8,poorly_fermented
153,9,poorly_fermented
153,10,fermented
153,11,fermented
153,12,poorly_fermented
153,13,poorly_fermented
153,14,poorly_fermented
153,15,poorly_fermented
153,16,poorly_fermented
153,17,fermented
29,0,poorly_fermented
29,1,poorly_fermented
29,2,poorly_fermented
29,3,poorly_fermented
29,4,fermented
29,5,poorly_fermented
29,6,poorly_fermented
29,7,fermented
29,8,poorly_fermented
29,9,poorly_fermented
29,10,fermented
29,11,poorly_fermented
29,12,poorly_fermented
29,13,poorly_fermented
29,14,poorly_fermented
29,15,poorly_fermented
29,16,poorly_fermented
29,17,poorly_fermented
29,18,poorly_fermented
29,19,poorly_fermented
46,0,poorly_fermented
46,1,fermented
46,2,poorly_fermented
46,3,poorly_fermented
46,4,fermented
46,5,poorly_fermented
46,6,fermented
46,7,poorly_fermented
46,8,poorly_fermented
46,9,fermented
46,10,poorly_fermented
46,11,poorly_fermented
46,12,poorly_fermented
46,13,poorly_fermented
46,14,poorly_fermented
campuran,0,poorly_fermented
campuran,1,poorly_fermented
campuran,2,poorly_fermented
campuran,3,poorly_fermented
campuran,4,fermented
campuran,5,poorly_fermented
campuran,6,poorly_fermented
campuran,7,poorly_fermented
campuran,8,fermented
campuran,9,poorly_fermented
campuran,10,poorly_fermented
campuran,11,poorly_fermented
campuran,12,poorly_fermented
campuran,13,poorly_fermented
campuran,14,poorly_fermented
campuran1,0,poorly_fermented
campuran1,1,poorly_fermented
campuran1,2,poorly_fermented
campuran1,3,poorly_fermented
campuran1,4,fermented
campuran1,5,poorly_fermented
campuran1,6,poorly_fermented
campuran1,7,poorly_fermented
campuran1,8,poorly_fermented
campuran1,9,fermented
campuran2,0,poorly_fermented
campuran2,1,fermented
campuran2,2,poorly_fermented
campuran2,3,poorly_fermented
campuran2,4,poorly_fermented
campuran2,5,poorly_fermented
campuran2,6,poorly_fermented
campuran2,7,poorly_fermented
campuran2,8,poorly_fermented
campuran2,9,poorly_fermented
